id,value
flare,
flare.analytics,
flare.analytics.graph,
flare.analytics.graph.LinkDistance,5731
flare.animate,
flare.animate.Test,5010
flare.animate.interpolate,
flare.animate.interpolate.ArrayInterpolator,1983
flare.animate.ISchedulable,1041
flare.data,
flare.data.converters,
flare.data.converters.Converters,721
flare.data.DataField,1759
flare.data.DataSchema,2165
flare.display,
flare.display.DirtySprite,8833
flare.flex,
flare.flex.FlareVis,4116
flare.physics,
flare.physics.DragForce,1082
flare.query,
flare.query.AggregateExpression,1616
flare.query.methods,
flare.query.methods.add,593
flare.scale,
flare.scale.IScaleMap,2105
flare.util,
flare.util.Arrays,8258
flare.vis,
flare.vis.axis,
flare.vis.axis.Axes,1302
flare.vis.controls,
flare.vis.controls.AnchorControl,2138
flare.vis.data,
flare.vis.data.Data,20544
flare.vis.events,
flare.vis.events.DataEvent,2313
flare.vis.legend,
flare.vis.legend.Legend,20859
flare.vis.operator,
flare.vis.operator.distortion,
flare.vis.operator.distortion.BifocalDistortion,4461
flare.vis.operator.encoder,
flare.vis.operator.encoder.ColorEncoder,3179
flare.vis.operator.filter,
flare.vis.operator.filter.FisheyeTreeFilter,5219
flare.vis.operator.IOperator,1286
flare.vis.operator.label,
flare.vis.operator.label.Labeler,9956
flare.vis.operator.layout,
flare.vis.operator.layout.AxisLayout,6725
flare.vis.operator.Operator,2490
flare.vis.Visualization,16540
